{
  "accuracy": 0.8360655737704918,
  "precision": 0.8214285714285714,
  "recall": 0.8214285714285714,
  "f1_score": 0.8214285714285714,
  "roc_auc": 0.9199134199134198,
  "mc_accuracy": 0.8852459016393442,
  "mc_mean_uncertainty": 0.10372956842184067
}